INSERT INTO
    tickets (personName, gender, age, tickets, viewZone, price)
VALUES
    ('Stradman', 'Male', 25, 5, 'A ($89.99)', 449.95),
    ('Naman', 'Male', 24, 1, 'C ($29.99)', 29.99),
    ('Sukhadia', 'Male', 24, 3, 'B ($49.99)', 149.97),
    ('Darshit', 'Male', 22, 5, 'A ($89.99)', 449.95),
    ('Jikadra', 'Male', 25, 3, 'A ($89.99)', 269.97),
    ('Pratik', 'Female', 28, 1, 'A ($89.99)', 89.99),
    ('Patel', 'Male', 18, 15, 'B ($49.99)', 749.85),
    ('Sussy', 'Female', 35, 10, 'A ($89.99)', 899.90),
    ('Baka', 'Female', 69, 4, 'A ($89.99)', 359.96),
    ('Omar', 'Male', 29, 4, 'C ($29.99)', 119.96),
    ('Pranav', 'Female', 20, 3, 'A ($89.99)', 269.97),
    ('Patel', 'Male', 29, 5, 'A ($89.99)', 449.95),
    ('Shia', 'Female', 19, 1, 'A ($89.99)', 89.99),
    ('Surani', 'Female', 19, 1, 'B ($49.99)', 49.99),
    ('Dhrumi', 'Female', 19, 2, 'C ($29.99)', 59.98),
    ('Vaghela', 'Female', 19, 8, 'A ($89.99)', 719.92),
    ('Mandeep', 'Male', 27, 2, 'A ($89.99)', 179.98),
    ('Dhillon', 'Male', 22, 1, 'C ($29.99)', 29.99),
    ('Jon', 'Male', 24, 5, 'A ($89.99)', 449.95),
    ('Doe', 'Female', 28, 1, 'A ($89.99)', 89.99);

INSERT INTO 
    sec_user (userName, encrPassword)
VALUES 
    ('Stradman','$2a$10$YMtqhGESxJJrv.rMBn0oc.GOcVj8utJsURf9SCrGtoq5cpg0xNLv2'),
    ('Naman','$2a$10$YMtqhGESxJJrv.rMBn0oc.GOcVj8utJsURf9SCrGtoq5cpg0xNLv2'),
    ('Sukhadia','$2a$10$YMtqhGESxJJrv.rMBn0oc.GOcVj8utJsURf9SCrGtoq5cpg0xNLv2'),
    ('Darshit','$2a$10$YMtqhGESxJJrv.rMBn0oc.GOcVj8utJsURf9SCrGtoq5cpg0xNLv2'),
    ('Jikadra','$2a$10$YMtqhGESxJJrv.rMBn0oc.GOcVj8utJsURf9SCrGtoq5cpg0xNLv2'),
    ('Pratik','$2a$10$YMtqhGESxJJrv.rMBn0oc.GOcVj8utJsURf9SCrGtoq5cpg0xNLv2'),
    ('Patel','$2a$10$YMtqhGESxJJrv.rMBn0oc.GOcVj8utJsURf9SCrGtoq5cpg0xNLv2'),
    ('Sussy','$2a$10$YMtqhGESxJJrv.rMBn0oc.GOcVj8utJsURf9SCrGtoq5cpg0xNLv2'),
    ('Baka','$2a$10$YMtqhGESxJJrv.rMBn0oc.GOcVj8utJsURf9SCrGtoq5cpg0xNLv2'),
    ('Omar','$2a$10$YMtqhGESxJJrv.rMBn0oc.GOcVj8utJsURf9SCrGtoq5cpg0xNLv2'),
    ('Pranav','$2a$10$YMtqhGESxJJrv.rMBn0oc.GOcVj8utJsURf9SCrGtoq5cpg0xNLv2'),
    ('Patel','$2a$10$YMtqhGESxJJrv.rMBn0oc.GOcVj8utJsURf9SCrGtoq5cpg0xNLv2'),
    ('Shia','$2a$10$YMtqhGESxJJrv.rMBn0oc.GOcVj8utJsURf9SCrGtoq5cpg0xNLv2'),
    ('Surani','$2a$10$YMtqhGESxJJrv.rMBn0oc.GOcVj8utJsURf9SCrGtoq5cpg0xNLv2'),
    ('Dhrumi','$2a$10$YMtqhGESxJJrv.rMBn0oc.GOcVj8utJsURf9SCrGtoq5cpg0xNLv2'),
    ('Vaghela','$2a$10$YMtqhGESxJJrv.rMBn0oc.GOcVj8utJsURf9SCrGtoq5cpg0xNLv2'),
    ('Mandeep','$2a$10$YMtqhGESxJJrv.rMBn0oc.GOcVj8utJsURf9SCrGtoq5cpg0xNLv2'),
    ('Dhillon','$2a$10$YMtqhGESxJJrv.rMBn0oc.GOcVj8utJsURf9SCrGtoq5cpg0xNLv2'),
    ('Jon','$2a$10$YMtqhGESxJJrv.rMBn0oc.GOcVj8utJsURf9SCrGtoq5cpg0xNLv2'),
    ('Doe','$2a$10$YMtqhGESxJJrv.rMBn0oc.GOcVj8utJsURf9SCrGtoq5cpg0xNLv2');

INSERT INTO 
    user_role (userId, roleName)
VALUES 
    (1,'ROLE_GUEST'),
    (2,'ROLE_GUEST'),
    (3,'ROLE_GUEST'),
    (4,'ROLE_GUEST'),
    (5,'ROLE_GUEST'),
    (6,'ROLE_GUEST'),
    (7,'ROLE_GUEST'),
    (8,'ROLE_GUEST'),
    (9,'ROLE_GUEST'),
    (10,'ROLE_GUEST'),
    (11,'ROLE_GUEST'),
    (12,'ROLE_GUEST'),
    (13,'ROLE_GUEST'),
    (14,'ROLE_GUEST'),
    (15,'ROLE_GUEST'),
    (16,'ROLE_GUEST'),
    (17,'ROLE_GUEST'),
    (18,'ROLE_GUEST'),
    (19,'ROLE_VENDOR'),
    (20,'ROLE_GUEST');


